<?xml version="1.0" encoding="UTF-8" standalone="yes"?>
<addon id="plugin.video.tsngo" name="TSN GO" version="1.0.2" provider-name="Micah Galizia">
  <requires>
    <import addon="xbmc.python" version="2.20.0"/>
    <import addon="script.module.inputstreamhelper" version="0.2.4"/>
    <import addon="script.module.beautifulsoup4" version="4.5.3" />
    <import addon="script.module.dateutil" version="2.5.3" />
  </requires>
  <extension point="xbmc.python.pluginsource" library="default.py">
	<provides>video</provides>
  </extension>
  <extension point="xbmc.addon.metadata">
    <summary>TSN GO Kodi Plugin</summary>
    <news>
- Shaw support
    </news>
    <description>View online content from TSN GO.</description>
    <platform>all</platform>
    <language>en</language>
    <disclaimer>For bugs, requests or general questions visit the Sportsnet Now thread on the Kodi forum.</disclaimer>
    <license>GNU GENERAL PUBLIC LICENSE. Version 2, June 1991</license>
    <forum>http://forum.kodi.tv/showthread.php?tid=235268</forum>
    <website>https://github.com/micahg/plugin.video.tsngo</website>
    <source>https://github.com/micahg/plugin.video.tsngo</source>
  </extension>
</addon>
