<?xml version="1.0" encoding="UTF-8" standalone="yes"?>
<addon id="repo.micahg" name="micahg's Repo" version="1.0.0" provider-name="micahg">
	<extension point="xbmc.addon.repository" name="micahg's Repo">
		<info compressed="true">https://raw.githubusercontent.com/micahg/repo.micahg/master/addons.xml.gz</info>
		<checksum>https://raw.githubusercontent.com/micahg/repo.micahg/master/addons.xml.gz.md5</checksum>
		<datadir zip="true">https://raw.githubusercontent.com/micahg/repo.micahg/master/</datadir>
	</extension>
	<extension point="xbmc.addon.metadata">
		<summary>micahg's Repo</summary>
		<description>micahg's Repo</description>
		<platform>all</platform>
	</extension>
</addon>
