{"adobe": {"AUTHZ_TOKEN": "<signatureInfo>YKs4nUpOIq5nZJxUC4+xsABXam8nRPV3UJe9+imODEI/Z7jCsNrbkinHEdlAsjhWDCszVkvVzYvlmxYDmUIFBGjJyS+Q00gFQt1+l4UOp08niboUvBQrO2HVTjZfdzUSyUHWg2ja2ZJn0eFhkj8POcCKnnWupXE+SBlH1ZiaXEs=<signatureInfo><simpleAuthorizationToken><simpleTokenRequestorID>SportsnetNow</simpleTokenRequestorID><simpleTokenResourceID>SNEast</simpleTokenResourceID><simpleTokenTTL>2017/02/10 17:33:58 GMT -0800</simpleTokenTTL><simpleTokenMsoID>Rogers</simpleTokenMsoID><simpleTokenDeviceID><simpleTokenFingerprint>824ac70be716ff7bd0164bbc4cc74e9c26654851</simpleTokenFingerprint></simpleTokenDeviceID></simpleAuthorizationToken>", "USER_META": "{\"data\":{\"userID\":\"JN2i7pekmgF52IU7Dc90Re39wEc5HFvCvt8yEfa0/3GgumSUSd2cwg==\",\"mvpd\":\"sBBtTEAaOv4=\",\"postalCode\":\"nIZxsBg8SKY=\"},\"updated\":1486690423151,\"state\":\"SCRAMBLED\",\"encrypted\":null}", "AUTHN_TOKEN": "<signatureInfo>FdqzuNjT1/LIOE3AB//7/RIqUav5vtF42eQQ4PQIYQ2tY/kDjHic8Dr/XRHomqTNkBaZV7CxL5Aj8r72b6UzDVxqASrWAqkx9I4uTfRCZiKimRzJhGyebn0IrJlcwJl/bsX993nGj+Y+7Kj198QiAGYKUTZBPb/mRR+bR32VTbw=<signatureInfo><simpleAuthenticationToken><simpleTokenAuthenticationGuid>a48a3de1-3e48-4400-a489-a0ab00fae2a3</simpleTokenAuthenticationGuid><simpleTransientPartOfGuid>55w9HosGMeKnb8X+FWHCzEMp/Xquqra5S+VaKc5UlkenI+kC/8tkUqHj1Nz/qhYbR/RuDd/0p8RRumIYVPauMtiZTczOK36ZFFg9QYAcj9kpV3pQcyPNZ44aSX0bAOXr</simpleTransientPartOfGuid><simpleSamlSessionIndex>acU3LBmUNBg=</simpleSamlSessionIndex><simpleTokenRequestorID>SportsnetNow</simpleTokenRequestorID><simpleTokenDomainName>adobe.com</simpleTokenDomainName><simpleTokenExpires>2017/05/10 18:33:42 GMT -0700</simpleTokenExpires><simpleTokenMsoID>Rogers</simpleTokenMsoID><simpleTokenDeviceID><simpleTokenFingerprint>824ac70be716ff7bd0164bbc4cc74e9c26654851</simpleTokenFingerprint></simpleTokenDeviceID><simpleSamlNameID>acU3LBmUNBg=</simpleSamlNameID></simpleAuthenticationToken>"}, "SportsnetNow": {"CHANNELS": [{"description": "", "noAccess": true, "seoName": "SPORTSNET-ONTARIO", "abbr": "SNOntario", "epg": true, "id": 3, "name": "Sportsnet Ontario"}, {"description": "", "noAccess": true, "seoName": "SPORTSNET-PACIFIC", "abbr": "SNPacific", "epg": true, "id": 5, "name": "Sportsnet Pacific"}, {"description": "", "noAccess": true, "seoName": "SPORTSNET-WEST", "abbr": "SNWest", "epg": true, "id": 4, "name": "Sportsnet West"}, {"description": "", "noAccess": true, "seoName": "SPORTSNET-EAST", "abbr": "SNEast", "epg": true, "id": 1, "name": "Sportsnet East"}, {"description": "", "noAccess": true, "seoName": "SPORTSNET-ONE", "abbr": "SNOne", "epg": true, "id": 2, "name": "Sportsnet One"}, {"description": "", "noAccess": true, "seoName": "SPORTSNET-360", "abbr": "SN360", "epg": true, "id": 6, "name": "Sportsnet 360"}, {"description": "", "noAccess": true, "seoName": "SPORTSNET-WORLD", "abbr": "SNWorld", "epg": true, "id": 8, "name": "Sportsnet World"}], "DEV_ID": "65adb481809079099d92055dbaf431ab7197f3924a886edce775345ec7e4f4fe", "CHAN_MAP": {"1": "SNEast", "3": "SNOntario", "2": "SNOne", "5": "SNPacific", "4": "SNWest", "6": "SN360", "8": "SNWorld"}}}