<?xml version="1.0" encoding="UTF-8" standalone="yes"?>
<addon id="plugin.video.concacafgo"
       name="CONCACAF Go"
       version="0.1.0"
       provider-name="micahg">
  <requires>
    <import addon="xbmc.python" version="3.0.0"/>
    <import addon="script.module.routing" version="0.2.3+matrix.1"/>
    <import addon="script.module.websocket" version="1.6.4"/>
  </requires>
  <extension point="xbmc.python.pluginsource" library="default.py">
	<provides>video</provides>
  </extension>
  <extension point="xbmc.addon.metadata">
    <assets>
      <icon>icon.png</icon>
      <fanart>fanart.jpg</fanart>
    </assets>
    <summary lang="en_GB">CONCACAF Go Kodi Plugin</summary>
    <description lang="en_GB">View online content from the CONCACAF Go.</description>
    <platform>all</platform>
    <language>en</language>
    <disclaimer lang="en_GB">For bugs, requests or general questions visit the CONCACAF Go thread on the Kodi forum.</disclaimer>
    <license>GPL-2.0-or-later</license>
    <forum>https://forum.kodi.tv/showthread.php?tid=328421</forum>
    <website>https://www.concacaf.com/concacaf-go/</website>
    <source>https://github.com/micahg/plugin.video.concacafgo</source>
    <news>- New</news>
  </extension>
</addon>
