<?xml version="1.0" encoding="UTF-8" standalone="yes"?>
<addon id="repository.micah" name="Micah Repository" version="0.0.1" provider-name="Micah">
    <extension point="xbmc.addon.repository" name="Micah Repository">
        <dir>
            <info compressed="false">https://raw.githubusercontent.com/micahg/repo.micahg/main/repo/repository.micah/addons.xml</info>
            <checksum>https://raw.githubusercontent.com/micahg/repo.micahg/main/repo/repository.micah/addons.xml.md5</checksum>
            <datadir zip="true">https://raw.githubusercontent.com/micahg/repo.micahg/main/repo/repository.micah/zips/</datadir>
        </dir>
    </extension>
    <extension point="xbmc.addon.metadata">
        <summary>Micah Repository</summary>
        <description>Addons by me</description>
        <disclaimer></disclaimer>
        <platform>all</platform>
        <assets>
            <icon>icon.png</icon>
            <fanart>fanart.jpg</fanart>
        </assets>
    </extension>
</addon>