<?xml version="1.0" encoding="UTF-8" standalone="yes"?>
<addon id="plugin.video.hdhrlive" name="HDHomeRun Live" version="1.0.0" provider-name="Micah Galizia">
  <requires>
    <import addon="xbmc.python" version="2.20.0"/>
  </requires>
  <extension point="xbmc.python.pluginsource" library="default.py">
	<provides>video</provides>
  </extension>
  <extension point="xbmc.addon.metadata">
    <summary>OLD HDHomeRun Kodi Plugin</summary>
    <news>
- Nobody is reading this.
    </news>
    <description>Use your really old HDHomeRun.</description>
    <platform>all</platform>
    <language>en</language>
    <disclaimer>For bugs, requests or general questions visit the thread on the Kodi forum.</disclaimer>
    <license>GNU GENERAL PUBLIC LICENSE. Version 2, June 1991</license>
    <forum>http://forum.kodi.tv/showthread.php?tid=235268</forum>
    <website>https://github.com/micahg/plugin.video.hdhrlive</website>
    <source>https://github.com/micahg/plugin.video.hdhrlive</source>
  </extension>
</addon>
