<?xml version="1.0" encoding="utf-8"?>
<MPD
  xmlns="urn:mpeg:dash:schema:mpd:2011"
  xmlns:cenc="urn:mpeg:cenc:2013"
  profiles="urn:mpeg:dash:profile:isoff-live:2011"
  type="dynamic"
  minBufferTime="PT4S"
  minimumUpdatePeriod="PT4S"
  timeShiftBufferDepth="PT120S"
  availabilityStartTime="2000-01-01T00:00:00Z"
  publishTime="2019-01-08T02:00:32Z">
  <UTCTiming schemeIdUri="urn:mpeg:dash:utc:direct:2014" value="2019-01-08T02:02:32Z"></UTCTiming>
  <Period id="live" start="PT0S">
    <AdaptationSet contentType="video" segmentAlignment="true" startWithSAP="1">
      <Role schemeIdUri="urn:mpeg:dash:role:2011" value="main"></Role>
      <ContentProtection schemeIdUri="urn:mpeg:dash:mp4protection:2011" value="cenc"></ContentProtection>
      <ContentProtection schemeIdUri="urn:uuid:edef8ba9-79d6-4ace-a3c8-27dcd51d21ed" value="widevine"></ContentProtection>
      <SegmentTemplate timescale="30000" initialization="index/f574fda3/live/stream/$RepresentationID$/init.mp4" media="index/f574fda3/live/stream/$RepresentationID$/segment/$Time$.m4f">
        <SegmentTimeline>
          <S d="120120" r="29" t="18006840972120"></S>
        </SegmentTimeline>
      </SegmentTemplate>
      <Representation id="h264/v2/192000" codecs="avc1.42c01e" mimeType="video/mp4" width="416" height="234" bandwidth="192000"></Representation>
      <Representation id="h264/v2/640000" codecs="avc1.4d401f" mimeType="video/mp4" width="640" height="360" bandwidth="640000"></Representation>
      <Representation id="h264/v2/2048000" codecs="avc1.4d401f" mimeType="video/mp4" width="1024" height="576" bandwidth="2048000"></Representation>
      <Representation id="h264/v2/3500000" codecs="avc1.640029" mimeType="video/mp4" width="1280" height="720" bandwidth="3500000"></Representation>
    </AdaptationSet>
    <AdaptationSet contentType="audio" segmentAlignment="true" startWithSAP="1">
      <Role schemeIdUri="urn:mpeg:dash:role:2011" value="main"></Role>
      <ContentProtection schemeIdUri="urn:mpeg:dash:mp4protection:2011" value="cenc"></ContentProtection>
      <ContentProtection schemeIdUri="urn:uuid:edef8ba9-79d6-4ace-a3c8-27dcd51d21ed" value="widevine"></ContentProtection>
      <SegmentTemplate timescale="44100" initialization="index/f574fda3/live/stream/$RepresentationID$/init.mp4" media="index/f574fda3/live/stream/$RepresentationID$/segment/$Time$.m4f">
        <SegmentTimeline>
          <S d="176128" r="1" t="26470056211456"></S>
          <S d="177152"></S>
          <S d="176128" r="2"></S>
          <S d="177152"></S>
          <S d="176128" r="2"></S>
          <S d="177152"></S>
          <S d="176128" r="2"></S>
          <S d="177152"></S>
          <S d="176128" r="1"></S>
          <S d="177152"></S>
          <S d="176128" r="2"></S>
          <S d="177152"></S>
          <S d="176128" r="2"></S>
          <S d="177152"></S>
          <S d="176128" r="2"></S>
          <S d="177152"></S>
        </SegmentTimeline>
      </SegmentTemplate>
      <Representation id="aac/v2/96000" codecs="mp4a.40.2" mimeType="audio/mp4" bandwidth="96000"></Representation>
    </AdaptationSet>
    <AdaptationSet contentType="text" segmentAlignment="true" startWithSAP="1">
      <Role schemeIdUri="urn:mpeg:dash:role:2011" value="subtitle"></Role>
      <SegmentTemplate timescale="30000" initialization="index/f574fda3/live/stream/$RepresentationID$/init.mp4" media="index/f574fda3/live/stream/$RepresentationID$/segment/$Time$.m4f">
        <SegmentTimeline>
          <S d="120120" r="29" t="18006840972120"></S>
        </SegmentTimeline>
      </SegmentTemplate>
      <Representation id="h264(608)/v2/192000" codecs="wvtt" mimeType="application/mp4" bandwidth="4096"></Representation>
    </AdaptationSet>
  </Period>
</MPD>
